CÓDIGO OBSOLETO;CÓDIGO NOVO
CMPREST000169;CMPREST001037
CMPREST000408;CMPREST001038
CMPREST000932;CMPREST001039
CMPREST000313;CMPREST001040
CMPREST000168;CMPREST001041
CMPREST000413;CMPREST001042
CMPREST000455;CMPREST001043
CMPREST000060;CMPREST001044
CMPREST000061;CMPREST001045
CMPREST000108;CMPREST001046
CMPREST000058;CMPREST001047
CMPREST000288;CMPREST001048
CMPREST000071;CMPREST001049
CMPREST000116;CMPREST001050
CMPREST000533;CMPREST001051
CMPREST000117;CMPREST001052
CMPREST000237;CMPREST001053
CMPREST000134;CMPREST001059
CMPREST000816;CMPREST001055
CMPREST000460;CMPREST001056
CMPREST000300;CMPREST001057
CMPREST000170;CMPREST001058
CMPREST000268;CMPREST001059
CMPREST000082;CMPREST001062
CMPREST000238;CMPREST001063
CMPREST000049;CMPREST001064
CMPREST000310;CMPREST001065
CMPREST000453;CMPREST001066
CMPREST000791;CMPREST001067
CMPREST000079;CMPREST001068
CMPREST000837;CMPREST001069
CMPREST000842;CMPREST001070
CMPREST000831;CMPREST001071
CMPREST000118;CMPREST001072
CMPREST000962;CMPREST001073
CMPREST000314;CMPREST001074
CMPREST000963;CMPREST001076
CMPREST000931;CMPREST001075
CMPRELE003953;CMPRELE007098
CMPRELE000423;CMPRELE007099
CMPRELE003108;CMPRELE007100
CMPRELE005491;CMPRELE007101
CMPRELE000424;CMPRELE007102
CMPRELE003451;CMPRELE007103
CMPRELE000425;CMPRELE007104
CMPRELE002739;CMPRELE007105
CMPREST000868;CMPRELE007106
CMPREST000840;CMPRELE007108
CMPREST000281;CMPRELE007109
CMPREST00079;CMPRELE007110
CMPRELE000919;CMPRELE007095
CMPRELE000918;CMPRELE007096
CMPRELE003975;CMPRELE007097
CMPREST000076;CMPREST001027
CMPREST000838;CMPREST001028
CMPREST000841;CMPREST001029
CMPREST000077;CMPREST001030
CMPREST000106;CMPREST001031
CMPREST000078;CMPREST001032
CMPREST000473;CMPREST001033
CMPREST000862;CMPREST001034
CMPREST000234;CMPREST001035
CMPRHVC000998;CMPRHVC001240
CMPRHVC001048;CMPRHVC001241
CMPRHVC000261;CMPRHVC001242
CMPRHVC000368;CMPRHVC001243
CMPRHVC000747;CMPRHVC001244
CMPRHVC000385;CMPRHVC001245
CMPRHVC000283;CMPRHVC001247
CMPRHVC000105;CMPRHVC001248
CMPRHVC000286;CMPRHVC001249
CMPRHVC000363;CMPRHVC001250
CMPRHVC000746;CMPRHVC001251
CMPRHVC000103;CMPRHVC001252
CMPRHVC001004;CMPRHVC001253
CMPRHVC000989;CMPRHVC001254
CMPRHVC000108;CMPRHVC001255
CMPRHVC000992;CMPRHVC001256
CCSMIND000356;CCSMIND004339
CCSMIND000357;CCSMIND004340
CMPREST000233;CMPRHVC001257
CMPRELE002416;CMPREST001093
CMPREST000615;CMPREST001094
CMPREST000617;CMPREST001095
CMPREST000614;CMPREST001096
CMPREST000858;CMPREST001097
CMPREST000860;CMPREST001098
CMPREST000902;CMPREST001099
CMPREST000861;CMPREST001153
CMPREST000869;CMPREST001146
CMPREST000870;CMPREST001154
CMPREST000853;CMPREST001145
CMPREST000899;CMPREST001100
CMPREST000892;CMPREST001101
CMPREST000907;CMPREST001102
CMPREST000908;CMPREST001103
CMPREST000909;CMPREST001104
CMPREST000877;CMPREST001105
CMPREST000878;CMPREST001106
CMPREST000935;CMPREST001107
CMPREST000851;CMPREST001108
CMPREST000852;CMPREST001109
CMPREST000897;CMPREST001110
CMPREST000936;CMPREST001111
CMPREST000898;CMPREST001112
CMPREST000903;CMPREST001113
CMPREST000989;CMPREST001114
CMPREST000996;CMPREST001137
CMPREST000990;CMPREST001115
CMPREST000994;CMPREST001116
CMPREST000988;CMPREST001117
CMPREST000992;CMPREST001118
CMPREST000995;CMPREST001119
CMPREST000993;CMPREST001120
CMPREST000991;CMPREST001121
CMPRELE000297;CMPRELE007067
CMPRELE000881;CMPRELE007126
CMPRELE002193;CMPRELE007127
CQMCIND000143;CQMCIND000179
CMPREST000365;CMPREST001216
CCSMIND003444;CCSMIND004405
